UniProt_ID,Amino_acid_change,Type,Distance
O00571,Arg/Cys,Pathogenic,4.15809
O00571,Arg/His,Pathogenic,1.988925
O14578,Ser/Ala,Benign,10.7067
O14578,Ser/Cys,Benign,1.51536
O15160,Ile/Thr,Pathogenic,2.165766666666667
O15160,Pro/Ser,Pathogenic,16.91136
O75643,Thr/Ala,Benign,10.7065
P00441,Asn/Lys,Pathogenic,7.1376
P00441,Glu/Gly,Pathogenic,1.3981
P00441,Glu/Lys,Pathogenic,4.246975
P00441,Leu/Ser,Pathogenic,16.339325
P00441,Leu/Val,Pathogenic,6.166
P00441,Ser/Leu,Pathogenic,11.223975
P00558,Asp/Val,Pathogenic,1.970475
P01130,Cys/Tyr,Pathogenic,1.8641333333333332
P07437,Asn/Ser,Pathogenic,21.4257
P07437,Thr/Ile,Pathogenic,5.0536125
P07954,Glu/Lys,Pathogenic,42.8515
P07954,Ser/Asn,Pathogenic,3.6736000000000004
P07954,Ser/Gly,Pathogenic,22.891350000000003
P09884,Thr/Met,Benign,4.5117
P11166,Arg/Cys,Pathogenic,0.0
P13639,Pro/Leu,Benign,1.3643999999999998
P17480,Glu/Lys,Pathogenic,5.28368
P25490,Arg/Gln,Pathogenic,0.0
P25490,Asn/Ser,Pathogenic,1.2993333333333335
P29401,Lys/Met,Benign,6.37088
P30566,Lys/Met,Benign,4.11582
P30566,Thr/Ile,Pathogenic,0.1887
P31939,Thr/Ser,Benign,3.0831
P34897,Ser/Leu,Benign,14.5102
P35240,Ala/Thr,Benign,3.9009666666666667
P40337,Arg/Leu,Pathogenic,5.845414285714286
P40337,Arg/Pro,Pathogenic,8.0299
P40337,Asn/Asp,Pathogenic,8.0299
P40337,Asn/Thr,Pathogenic,5.845414285714286
P40337,Glu/Lys,Pathogenic,5.70775
P40337,Ile/Ser,Pathogenic,7.326085714285715
P40337,Pro/Leu,Pathogenic,0.0
P40337,Ser/Gly,Pathogenic,7.1377
P40337,Ser/Ile,Pathogenic,7.1377
P40337,Ser/Leu,Pathogenic,5.3532
P40337,Ser/Pro,Pathogenic,7.9895125
P40337,Val/Leu,Pathogenic,5.35325
P40337,Val/Met,Pathogenic,9.17702857142857
P49711,Arg/Gln,Pathogenic,3.2889714285714287
P49711,Arg/His,Pathogenic,10.7065
P49711,Pro/Leu,Pathogenic,10.70645
P53621,Thr/Ala,Benign,4.1456
P54819,His/Asp,Benign,6.2835777777777775
P57081,Arg/Gln,Benign,0.0
P60709,Arg/Trp,Pathogenic,4.5773
P60953,Ala/Val,Pathogenic,5.9361999999999995
P62873,Thr/Ala,Benign,3.0317333333333334
Q5JTZ9,Arg/Gln,Benign,0.49645
Q8IYW5,Glu/Lys,Benign,0.2542
Q8WTW3,Glu/Gln,Benign,0.0
Q9BTW9,Glu/Lys,Benign,10.7065
Q9H211,Ser/Asn,Benign,1.935725
Q9NYP3,Glu/Lys,Benign,0.42810000000000004
